City_ID,City,Lat,Lng,Max Temp,Humidity,Cloudiness,Wind Speed,Country,Date
0,mataura,-46.19,168.86,57.0,79,71,10.0,NZ,1600816324
1,ilabaya,-17.42,-70.51,62.02,49,0,0.4,PE,1600816324
2,okhotsk,59.38,143.3,50.04,79,6,4.52,RU,1600816325
3,kapaa,22.08,-159.32,86.0,62,1,12.75,US,1600816325
4,ekhabi,53.51,142.97,50.67,73,0,10.13,RU,1600816325
5,fort saint james,54.43,-124.25,58.96,59,96,4.7,CA,1600816325
6,ushuaia,-54.8,-68.3,42.8,70,40,18.34,AR,1600816325
7,saldanha,-33.01,17.94,48.2,76,0,4.7,ZA,1600816326
8,xinzhou,38.41,112.73,57.54,86,100,3.18,CN,1600816326
9,bredasdorp,-34.53,20.04,44.6,93,58,2.24,ZA,1600816326
10,tabou,4.42,-7.35,76.01,87,66,9.84,CI,1600816326
11,azuaga,38.27,-5.68,66.99,62,100,1.99,ES,1600816327
12,saint-philippe,-21.36,55.77,66.2,55,35,5.82,RE,1600816327
13,hasaki,35.73,140.83,70.0,94,75,6.93,JP,1600816327
14,kiama,-34.68,150.87,66.99,46,0,8.01,AU,1600816197
15,bratsk,56.13,101.61,37.4,86,94,6.71,RU,1600816327
16,busselton,-33.65,115.33,48.99,79,31,8.37,AU,1600816327
17,zhigansk,66.77,123.37,41.04,76,28,3.89,RU,1600816328
18,dikson,73.51,80.55,41.2,85,81,11.32,RU,1600816328
19,antalaha,-14.9,50.28,66.58,82,1,6.71,MG,1600816328
20,fort-de-france,14.61,-61.07,84.2,79,100,5.82,MQ,1600816329
21,jamestown,42.1,-79.24,61.0,55,1,8.05,US,1600816329
22,bac lieu,9.29,105.72,78.78,88,100,2.8,VN,1600816329
23,provideniya,64.38,-173.3,46.4,65,4,6.71,RU,1600816329
24,cockburn town,21.46,-71.14,81.7,81,100,11.59,TC,1600816127
25,noumea,-22.28,166.46,78.01,50,24,2.24,NC,1600816128
26,carnarvon,-24.87,113.63,51.8,53,0,9.17,AU,1600816264
27,coquimbo,-29.95,-71.34,53.6,93,75,10.29,CL,1600816330
28,albany,42.6,-73.97,63.0,40,0,4.0,US,1600816204
29,tabas,33.6,56.92,77.0,27,0,2.24,IR,1600816330
30,kodiak,57.79,-152.41,50.0,90,100,32.01,US,1600816323
31,tuktoyaktuk,69.45,-133.04,41.0,80,90,4.7,CA,1600816330
32,brookhaven,31.58,-90.44,73.4,88,90,5.82,US,1600816330
33,pahrump,36.21,-115.98,95.0,11,0,5.01,US,1600816331
34,kilindoni,-7.91,39.67,78.82,78,71,18.28,TZ,1600816331
35,rikitea,-23.12,-134.97,72.86,74,100,18.95,PF,1600816331
36,sao joao da barra,-21.64,-41.05,70.03,95,100,14.32,BR,1600816331
37,sigulda,57.15,24.86,50.0,96,54,5.46,LV,1600816331
38,jensen beach,27.25,-80.23,82.4,54,75,11.41,US,1600816331
39,chokurdakh,70.63,147.92,42.39,88,99,7.81,RU,1600816332
40,sorong,-0.88,131.25,79.32,83,100,3.74,ID,1600816332
41,lata,40.16,-8.33,68.0,93,20,5.82,PT,1600816332
42,barrow,71.29,-156.79,35.6,74,90,17.22,US,1600816204
43,mar del plata,-38.0,-57.56,60.8,55,100,9.17,AR,1600816276
44,narsaq,60.92,-46.05,30.2,58,5,3.36,GL,1600816332
45,kang,-23.68,22.79,61.83,60,11,18.99,BW,1600816332
46,sao filipe,14.9,-24.5,80.42,81,9,6.53,CV,1600816333
47,port alfred,-33.59,26.89,57.81,73,0,4.12,ZA,1600816333
48,tasiilaq,65.61,-37.64,28.4,74,100,4.7,GL,1600816334
49,praya,14.92,-23.51,78.8,94,20,4.7,CV,1600816334
50,clyde river,70.47,-68.59,23.0,85,20,8.05,CA,1600816334
51,vaini,-21.2,-175.2,75.2,83,75,12.75,TO,1600816334
52,belaya gora,68.53,146.42,44.89,77,97,5.93,RU,1600816334
53,waingapu,-9.66,120.26,79.92,55,66,3.89,ID,1600816335
54,evensk,61.95,159.23,43.88,56,0,2.93,RU,1600816335
55,roma,43.21,-75.46,60.8,63,1,9.17,US,1600816335
56,hobart,-42.88,147.33,53.6,58,75,13.87,AU,1600816251
57,pout,14.77,-17.06,78.8,94,20,6.93,SN,1600816336
58,port lincoln,-34.73,135.87,55.38,72,13,16.08,AU,1600816336
59,faanui,-16.48,-151.75,78.22,76,3,15.95,PF,1600816337
60,komsomolskiy,40.43,71.72,53.6,71,0,4.7,UZ,1600816337
61,hay river,60.82,-115.8,62.6,39,20,13.87,CA,1600816147
62,samarai,-10.62,150.67,78.78,84,96,16.84,PG,1600816338
63,ribeira grande,38.52,-28.7,69.15,85,93,10.76,PT,1600816338
64,khorramabad,33.49,48.36,63.7,35,0,4.94,IR,1600816338
65,nassau,40.75,-73.58,69.01,34,1,5.82,US,1600816338
66,mogadishu,2.04,45.34,77.7,88,73,14.94,SO,1600816338
67,atuona,-9.8,-139.03,78.39,72,78,19.35,PF,1600816338
68,pevek,69.7,170.31,38.93,92,100,20.13,RU,1600816339
69,puerto leguizamo,-0.19,-74.78,75.72,88,68,5.97,CO,1600816339
70,kahului,20.89,-156.47,89.6,52,40,25.28,US,1600816340
71,codrington,-38.27,141.97,50.61,83,94,14.52,AU,1600816340
72,baykit,61.67,96.37,42.85,87,100,4.05,RU,1600816341
73,doha,25.29,51.53,89.6,79,0,2.24,QA,1600816106
74,rabo de peixe,37.8,-25.58,66.2,82,20,6.93,PT,1600816341
75,arraial do cabo,-22.97,-42.03,67.08,88,100,20.38,BR,1600816342
76,adre,13.47,22.2,77.68,62,40,7.81,TD,1600816342
77,fairbanks,64.84,-147.72,54.0,61,1,3.36,US,1600816087
78,gornyak,50.99,81.47,48.34,56,100,4.21,RU,1600816342
79,leh,34.17,77.58,47.79,43,0,4.38,IN,1600816343
80,punta arenas,-53.15,-70.92,46.4,65,75,12.75,CL,1600816242
81,kruisfontein,-34.0,24.73,48.99,58,0,4.14,ZA,1600816072
82,hilo,19.73,-155.09,82.4,65,90,6.64,US,1600816343
83,pisco,-13.7,-76.22,64.4,77,6,8.05,PE,1600816343
84,saquarema,-22.92,-42.51,68.0,94,90,16.11,BR,1600816343
85,airai,-8.93,125.41,65.61,78,3,2.95,TL,1600816344
86,natal,-5.79,-35.21,77.0,83,20,10.29,BR,1600816345
87,harper,4.38,-7.72,76.14,87,54,10.6,LR,1600816345
88,hithadhoo,-0.6,73.08,81.73,67,47,6.53,MV,1600816345
89,sobolevo,54.43,31.9,52.12,90,0,6.11,RU,1600816345
90,saskylakh,71.92,114.08,42.22,73,0,15.64,RU,1600816345
91,itarema,-2.92,-39.92,78.15,77,0,17.76,BR,1600816110
92,cape town,-33.93,18.42,57.99,87,24,12.75,ZA,1600816345
93,birjand,32.87,59.22,57.2,44,0,11.41,IR,1600816346
94,longyearbyen,78.22,15.64,26.56,92,0,3.0,SJ,1600816346
95,plainview,40.78,-73.47,68.0,34,1,5.82,US,1600816346
96,corbelia,-24.8,-53.31,65.35,74,65,2.95,BR,1600816346
97,seoul,37.57,126.98,60.8,59,20,4.7,KR,1600816154
98,qena,26.16,32.72,87.8,40,0,5.82,EG,1600816346
99,lavrentiya,65.58,-171.0,39.99,84,92,5.88,RU,1600816347
100,thompson,55.74,-97.86,55.4,66,75,9.17,CA,1600816347
101,yellowknife,62.46,-114.35,55.0,81,20,19.46,CA,1600816347
102,qaanaaq,77.48,-69.36,13.17,79,0,7.94,GL,1600816347
103,bluff,-46.6,168.33,57.0,79,40,10.0,NZ,1600816347
104,houma,29.6,-90.72,77.0,100,90,11.41,US,1600816155
105,butaritari,3.07,172.79,82.87,77,25,18.68,KI,1600816348
106,avarua,-21.21,-159.78,80.6,83,55,13.87,CK,1600816051
107,atherton,53.52,-2.49,60.01,85,97,1.99,GB,1600816348
108,alice springs,-23.7,133.88,64.4,27,0,14.99,AU,1600816348
109,shelburne,44.08,-80.2,71.6,43,1,6.93,CA,1600816349
110,aden,12.78,45.04,87.89,71,87,10.92,YE,1600816349
111,geraldton,-28.77,114.6,50.0,93,0,4.7,AU,1600816349
112,ko samui,9.54,99.94,80.6,88,20,11.77,TH,1600816349
113,castro,-24.79,-50.01,51.58,86,24,9.8,BR,1600816350
114,cherskiy,68.75,161.3,36.32,83,100,5.44,RU,1600816350
115,waverly,42.74,-84.62,75.2,38,1,10.29,US,1600816350
116,srandakan,-7.94,110.25,76.41,86,39,3.15,ID,1600816350
117,luderitz,-26.65,15.16,66.85,27,0,4.38,NA,1600816350
118,bosaso,11.28,49.18,88.18,56,86,5.46,SO,1600816350
119,kozan,37.46,35.82,79.0,83,40,4.7,TR,1600816351
120,biloela,-24.42,150.5,71.83,77,100,4.25,AU,1600816351
121,ilulissat,69.22,-51.1,21.2,73,41,2.24,GL,1600816351
122,santa rosa,14.31,121.11,79.0,94,75,1.12,PH,1600816351
123,hun,29.13,15.95,76.86,33,0,8.75,LY,1600816351
124,lorengau,-2.02,147.27,84.38,74,93,9.31,PG,1600816352
125,andros town,24.7,-77.77,84.2,51,40,13.87,BS,1600816352
126,itoman,26.12,127.67,80.6,83,75,5.82,JP,1600816080
127,key west,24.56,-81.78,86.0,62,20,14.99,US,1600816352
128,souillac,-20.52,57.52,68.0,88,20,7.29,MU,1600816310
129,guerrero negro,27.98,-114.06,85.08,39,0,14.79,MX,1600816352
130,zambezi,-13.54,23.1,75.67,22,30,9.62,ZM,1600816352
131,talnakh,69.49,88.4,46.4,100,75,15.66,RU,1600816353
132,ambalavao,-21.83,46.93,57.34,89,41,4.83,MG,1600816353
133,bambous virieux,-20.34,57.76,68.0,88,20,9.1,MU,1600816353
134,sioux lookout,50.1,-91.92,71.6,46,20,6.93,CA,1600816353
135,khatanga,71.97,102.5,45.81,70,70,15.23,RU,1600816354
136,nome,64.5,-165.41,48.2,57,1,12.75,US,1600816267
137,ritchie,-29.04,24.6,64.4,59,0,12.75,ZA,1600816354
138,monte alegre,-2.01,-54.07,85.35,52,54,4.16,BR,1600816354
139,shibetsu,43.66,145.13,58.28,73,15,4.72,JP,1600816354
140,amuntai,-2.42,115.25,74.17,96,100,0.29,ID,1600816354
141,bloemhof,-27.65,25.61,56.57,65,15,11.41,ZA,1600816355
142,iqaluit,63.75,-68.51,33.8,86,90,6.93,CA,1600816146
143,new norfolk,-42.78,147.06,52.0,68,68,3.0,AU,1600816355
144,port elizabeth,-33.92,25.57,48.2,76,0,6.93,ZA,1600816355
145,cabinda,-5.55,12.2,74.46,82,94,7.29,AO,1600816355
146,hovd,48.01,91.64,51.71,46,23,5.99,MN,1600816356
147,puerto ayora,-0.74,-90.35,68.0,84,64,5.99,EC,1600816356
148,road town,18.42,-64.62,82.0,92,100,7.67,VG,1600816356
149,norsup,-16.07,167.38,78.8,78,75,9.17,VU,1600816356
150,katsuura,35.13,140.3,69.8,100,75,11.41,JP,1600816356
151,jalu,29.03,21.55,73.65,42,0,9.93,LY,1600816357
152,sengiley,53.96,48.79,59.0,67,100,13.42,RU,1600816357
153,powell river,49.85,-124.54,62.6,72,75,9.17,CA,1600816357
154,port keats,-14.25,129.55,84.63,69,5,4.32,AU,1600816357
155,sungaipenuh,-2.08,101.38,65.03,85,86,3.0,ID,1600816357
156,pyshchug,58.89,45.71,48.52,92,72,7.47,RU,1600816358
157,zheleznodorozhnyy,55.75,38.0,57.0,87,0,6.71,RU,1600816358
158,maceio,-9.67,-35.74,73.4,88,14,5.82,BR,1600816358
159,tiksi,71.69,128.87,42.67,72,33,19.33,RU,1600816359
160,alofi,-19.06,-169.92,69.8,91,90,5.82,NU,1600816359
161,portel,-1.94,-50.82,82.17,63,60,5.41,BR,1600816359
162,klaksvik,62.23,-6.59,41.0,93,99,4.7,FO,1600816360
163,saint george,37.1,-113.58,93.0,15,1,10.29,US,1600816360
164,moron,-34.65,-58.62,62.01,50,96,7.85,AR,1600816215
165,talcahuano,-36.72,-73.12,57.2,71,78,16.11,CL,1600816360
166,hualmay,-11.1,-77.61,62.58,79,18,7.11,PE,1600816360
167,hihya,30.67,31.59,78.8,74,20,11.41,EG,1600816360
168,tokat,40.42,36.58,47.5,100,6,0.69,TR,1600816360
169,upernavik,72.79,-56.15,27.18,88,72,5.5,GL,1600816359
170,hobyo,5.35,48.53,77.5,82,100,25.03,SO,1600816361
171,torbay,47.67,-52.73,54.0,87,90,16.11,CA,1600816361
172,furano,43.28,142.47,53.6,93,75,1.12,JP,1600816361
173,ushtobe,45.25,77.98,55.65,38,60,4.14,KZ,1600816361
174,porosozero,62.72,32.73,38.7,84,76,5.14,RU,1600816361
175,hermanus,-34.42,19.23,51.01,90,28,8.39,ZA,1600816361
176,mount gambier,-37.83,140.77,48.2,93,75,9.17,AU,1600816325
177,kavieng,-2.57,150.8,84.87,65,100,9.48,PG,1600816362
178,the valley,18.22,-63.06,86.0,74,20,1.12,AI,1600816362
179,chernyshevskiy,63.01,112.47,39.47,95,0,4.12,RU,1600816363
180,praia da vitoria,38.73,-27.07,68.0,82,75,10.56,PT,1600816363
181,imeni poliny osipenko,52.42,136.49,49.06,76,0,1.19,RU,1600816363
182,port-gentil,-0.72,8.78,77.0,88,75,12.86,GA,1600816363
183,mnogovershinnyy,53.94,139.92,48.85,63,0,3.38,RU,1600816363
184,aklavik,68.22,-135.01,42.8,87,75,2.01,CA,1600816364
185,palmer,42.16,-72.33,66.2,24,75,16.11,US,1600816364
186,maniitsoq,65.42,-52.9,33.06,90,41,6.67,GL,1600816364
187,esperance,-33.87,121.9,44.6,100,40,6.93,AU,1600816364
188,balagon,8.01,123.24,75.0,100,92,1.14,PH,1600816364
189,bubaque,11.28,-15.83,81.09,81,0,10.69,GW,1600816364
190,ahipara,-35.17,173.17,62.85,71,20,12.71,NZ,1600816314
191,nishihara,26.18,127.76,80.6,88,40,9.73,JP,1600816365
192,floro,61.6,5.03,57.2,82,100,32.21,NO,1600816365
193,san juan,-31.54,-68.54,72.43,20,0,11.45,AR,1600816365
194,anito,12.45,125.29,80.01,83,98,3.74,PH,1600816365
195,constitucion,-35.33,-72.42,55.0,77,98,11.79,CL,1600816365
196,kozhva,65.11,57.05,41.18,92,100,8.08,RU,1600816366
197,rawah,34.48,41.91,81.09,32,0,9.62,IQ,1600816366
198,aluksne,57.42,27.05,49.03,96,0,5.48,LV,1600816366
199,ajdabiya,30.76,20.23,72.7,55,0,8.14,LY,1600816366
200,aswan,24.09,32.91,89.24,22,0,12.91,EG,1600816367
201,abu zabad,12.35,29.25,77.88,67,64,7.9,SD,1600816367
202,vila franca do campo,37.72,-25.43,66.2,82,20,6.93,PT,1600816367
203,dunedin,-45.87,170.5,61.0,62,46,4.0,NZ,1600816367
204,comodoro rivadavia,-45.87,-67.5,64.4,27,40,17.22,AR,1600816367
205,labuhan,-6.88,112.21,78.28,83,96,9.19,ID,1600816367
206,adrar,20.5,-10.07,95.88,19,16,8.37,MR,1600816368
207,yulara,-25.24,130.99,57.2,41,0,9.17,AU,1600816073
208,tarsus,36.92,34.88,77.0,78,40,2.24,TR,1600816368
209,lincoln,40.8,-96.67,84.0,37,1,12.75,US,1600816368
210,najran,17.49,44.13,80.6,14,89,6.93,SA,1600816368
211,paso de los toros,-32.82,-56.52,52.92,80,99,8.97,UY,1600816369
212,christchurch,-43.53,172.63,71.01,49,14,5.82,NZ,1600816369
213,nanortalik,60.14,-45.24,37.49,76,0,11.3,GL,1600816369
214,nizhniy tsasuchey,50.52,115.13,39.09,80,0,7.47,RU,1600816370
215,sur,22.57,59.53,82.08,41,90,2.17,OM,1600816370
216,ulladulla,-35.35,150.47,64.99,39,20,10.29,AU,1600816371
217,pachino,36.72,15.09,72.0,73,84,3.36,IT,1600816371
218,bandarbeyla,9.49,50.81,78.33,70,98,30.04,SO,1600816372
219,vao,-22.67,167.48,70.29,79,2,12.55,NC,1600816372
220,shache,38.42,77.24,56.1,34,35,6.69,CN,1600816372
221,kitwe,-12.8,28.25,67.26,47,0,9.08,ZM,1600816373
222,batamshinskiy,50.56,58.27,48.2,87,57,6.71,KZ,1600816373
223,georgetown,5.41,100.34,77.0,88,20,7.65,MY,1600816373
224,hambantota,6.12,81.12,79.93,78,93,14.25,LK,1600816373
225,chuy,-33.7,-53.46,49.1,78,39,8.75,UY,1600816374
226,conde,-7.26,-34.91,75.2,88,7,9.17,BR,1600816374
227,wilmington,34.23,-77.94,71.6,40,1,9.17,US,1600816374
228,matamba,-8.98,33.97,54.21,74,37,6.82,TZ,1600816374
229,panama city,8.99,-79.52,78.8,94,40,4.7,PA,1600816107
230,muros,42.78,-9.06,66.0,92,89,20.0,ES,1600816375
231,iquitos,-3.75,-73.25,80.6,78,75,5.82,PE,1600816375
232,waitara,-38.92,174.25,53.01,92,98,8.99,NZ,1600816376
233,markova,48.68,24.41,56.48,61,43,3.87,UA,1600816376
234,kapuskasing,49.42,-82.43,64.4,72,90,8.05,CA,1600816376
235,mackay,-21.15,149.2,77.0,83,75,4.7,AU,1600816376
236,tupelo,34.26,-88.7,72.0,60,90,9.17,US,1600816241
237,caraycayon,13.62,123.48,79.66,84,76,2.01,PH,1600816377
238,luwuk,-0.95,122.79,79.14,77,98,5.03,ID,1600816377
239,haimen,23.19,116.61,77.0,94,75,2.24,CN,1600816377
240,anadyr,64.75,177.48,39.2,80,30,11.18,RU,1600816377
241,rypefjord,70.63,23.67,44.6,70,75,29.97,NO,1600816377
242,tilichiki,60.47,166.1,41.43,66,1,5.44,RU,1600816377
243,kousseri,12.08,15.03,78.8,88,40,3.36,CM,1600816378
244,alexandria,31.22,29.96,78.8,69,40,8.05,EG,1600816378
245,takaka,-40.85,172.8,57.0,92,100,15.99,NZ,1600816378
246,san jeronimo,-11.95,-75.28,57.96,54,20,6.62,PE,1600816378
247,nouadhibou,20.93,-17.03,75.2,83,0,14.99,MR,1600816378
248,asyut,27.18,31.18,78.8,50,0,9.17,EG,1600816379
249,songjianghe,42.19,127.48,50.9,93,23,1.23,CN,1600816379
250,gornopravdinsk,60.05,69.9,37.42,88,78,10.8,RU,1600816379
251,mednogorsk,51.41,57.59,48.02,88,76,14.2,RU,1600816380
252,kidal,18.44,1.41,90.32,32,0,2.3,ML,1600816380
253,haines junction,60.75,-137.51,50.41,56,100,3.38,CA,1600816380
254,erenhot,43.65,111.98,54.55,41,48,5.88,CN,1600816380
255,laguna,38.42,-121.42,91.0,18,1,9.17,US,1600816381
256,charters towers,-20.1,146.27,74.82,66,29,1.14,AU,1600816381
257,kaitangata,-46.28,169.85,55.56,76,73,4.79,NZ,1600816381
258,carndonagh,55.25,-7.27,48.07,83,100,8.23,IE,1600816381
259,mahebourg,-20.41,57.7,68.0,88,20,8.68,MU,1600816381
260,mugur-aksy,50.35,90.5,40.6,67,90,4.54,RU,1600816382
261,lebu,-37.62,-73.65,49.96,76,38,17.69,CL,1600816382
262,port blair,11.67,92.75,81.99,81,100,6.04,IN,1600816382
263,kamina,-8.74,24.99,70.39,62,94,2.75,CD,1600816382
264,cabo san lucas,22.89,-109.91,89.01,70,40,11.41,MX,1600816103
265,leningradskiy,69.38,178.42,40.89,79,99,16.89,RU,1600816383
266,flin flon,54.77,-101.86,59.0,51,40,12.75,CA,1600816383
267,gunjur,13.2,-16.73,82.4,88,75,8.72,GM,1600816383
268,lubango,-14.92,13.49,63.39,55,65,2.68,AO,1600816383
269,tuatapere,-46.13,167.68,57.0,79,35,10.0,NZ,1600816384
270,oloron-sainte-marie,43.19,-0.61,60.8,93,14,4.7,FR,1600816384
271,ancud,-41.87,-73.82,51.01,81,11,1.01,CL,1600816384
272,isangel,-19.55,169.27,80.6,65,40,9.17,VU,1600816384
273,east london,-33.02,27.91,60.26,67,2,6.51,ZA,1600816384
274,norman wells,65.28,-126.83,60.8,38,20,5.82,CA,1600816385
275,biu,10.61,12.19,71.49,81,0,3.2,NG,1600816385
276,shestakovo,56.49,103.96,35.83,88,0,2.39,RU,1600816385
277,beringovskiy,63.05,179.32,44.11,60,22,6.08,RU,1600816386
278,sao raimundo das mangabeiras,-7.02,-45.48,85.06,37,66,3.06,BR,1600816386
279,batemans bay,-35.72,150.18,66.0,62,0,11.01,AU,1600816386
280,sassandra,4.95,-6.08,74.55,90,61,8.3,CI,1600816127
281,rome,34.26,-85.16,71.6,49,1,0.87,US,1600816377
282,eyl,7.98,49.82,77.79,74,93,18.97,SO,1600816386
283,tamandare,-8.76,-35.1,74.55,83,3,8.03,BR,1600816386
284,severo-kurilsk,50.68,156.12,50.45,75,33,10.83,RU,1600816386
285,kloulklubed,7.04,134.26,80.6,88,75,8.52,PW,1600816387
286,biak,-0.91,122.88,78.31,80,99,6.55,ID,1600816387
287,hami,42.8,93.45,60.89,45,0,5.01,CN,1600816387
288,pokhara,28.23,83.98,70.39,86,100,2.53,NP,1600816387
289,pyaozerskiy,65.83,31.17,41.43,68,84,9.69,RU,1600816388
290,muzhi,65.37,64.67,37.96,92,100,13.8,RU,1600816388
291,qaqortoq,60.72,-46.03,30.2,58,5,3.36,GL,1600816334
292,egvekinot,66.32,-179.17,40.66,67,0,1.81,RU,1600816388
293,marzuq,14.4,46.47,78.6,28,66,5.88,YE,1600816388
294,petatlan,17.52,-101.27,89.6,62,75,11.41,MX,1600816389
295,dukat,62.55,155.55,33.76,80,3,2.84,RU,1600816389
296,japura,-0.32,102.35,73.29,96,90,0.92,ID,1600816389
297,san cristobal,7.77,-72.22,89.6,52,40,9.17,VE,1600816390
298,nikolskoye,59.7,30.79,51.01,93,67,4.47,RU,1600816390
299,cidreira,-30.18,-50.21,58.3,72,0,17.54,BR,1600816271
300,arkhangelsk,64.54,40.54,50.0,66,40,15.66,RU,1600816390
301,monte patria,-30.69,-70.95,72.1,31,66,3.58,CL,1600816390
302,kaspiysk,42.88,47.64,60.8,82,20,4.47,RU,1600816390
303,costinesti,43.95,28.63,60.8,72,5,3.36,RO,1600816391
304,poum,-20.23,164.02,72.25,70,0,5.12,NC,1600816391
305,bengkulu,-3.8,102.27,76.3,83,68,6.04,ID,1600816391
306,shihezi,44.3,86.03,61.25,32,5,4.59,CN,1600816391
307,balkhash,46.84,74.98,53.37,43,100,12.73,KZ,1600816392
308,braniewo,54.38,19.82,62.71,65,0,13.33,PL,1600816392
309,cayenne,4.93,-52.33,82.4,78,7,10.29,GF,1600816182
310,churapcha,62.0,132.43,42.21,73,0,3.15,RU,1600816393
311,assiniboia,49.63,-105.98,72.5,29,100,10.11,CA,1600816393
312,namibe,-15.2,12.15,64.0,89,50,3.31,AO,1600816393
313,victoria,22.29,114.16,84.0,79,84,11.95,HK,1600816234
314,ponta do sol,32.67,-17.1,77.0,69,20,3.36,PT,1600816393
315,eureka,40.8,-124.16,69.01,77,34,3.0,US,1600816176
316,bethel,41.37,-73.41,66.2,29,1,8.05,US,1600816393
317,sakaiminato,35.55,133.23,66.2,93,75,4.7,JP,1600816394
318,mazagao,-0.12,-51.29,84.2,74,20,11.41,BR,1600816394
319,nuuk,64.18,-51.72,33.8,86,10,4.7,GL,1600816135
320,smithers,54.78,-127.17,59.0,58,40,6.93,CA,1600816394
321,kuhdasht,33.53,47.61,64.89,27,0,4.16,IR,1600816394
322,beira,-19.84,34.84,71.11,71,30,13.02,MZ,1600816394
323,rocha,-34.48,-54.33,46.81,87,73,7.72,UY,1600816286
324,birao,10.28,22.79,73.96,91,59,1.86,CF,1600816395
325,chulman,56.85,124.91,43.3,72,0,1.19,RU,1600816395
326,ornskoldsvik,63.29,18.72,46.4,87,100,8.05,SE,1600816395
327,araouane,18.9,-3.53,97.11,20,10,8.34,ML,1600816396
328,matara,5.95,80.54,77.76,87,94,9.62,LK,1600816396
329,kavaratti,10.57,72.64,81.48,79,47,21.9,IN,1600816396
330,umm lajj,25.02,37.27,86.99,44,0,6.89,SA,1600816397
331,linxia,35.6,103.21,53.01,72,76,0.58,CN,1600816397
332,torrington,41.8,-73.12,61.0,52,10,1.99,US,1600816397
333,hirson,49.92,4.08,57.99,66,0,1.12,FR,1600816397
334,aykino,62.22,49.99,39.51,85,38,9.66,RU,1600816397
335,bartow,27.9,-81.84,79.0,69,90,10.29,US,1600816398
336,la ronge,55.1,-105.28,59.0,47,75,10.29,CA,1600816398
337,serebryanyy bor,56.8,124.8,42.98,73,0,1.19,RU,1600816398
338,lucea,18.45,-78.17,86.0,70,20,4.7,JM,1600816398
339,limbang,4.75,115.0,77.0,94,75,3.36,MY,1600816398
340,porto walter,-8.27,-72.74,76.26,90,99,1.54,BR,1600816399
341,zhicheng,30.3,111.5,63.0,92,93,1.88,CN,1600816399
342,barkly west,-28.54,24.52,64.4,59,17,12.75,ZA,1600816399
343,ugoofaaru,5.67,73.0,81.37,78,100,14.05,MV,1600816399
344,staryy nadym,65.61,72.68,36.63,90,81,13.2,RU,1600816399
345,canapi,-9.12,-37.6,74.17,69,16,12.77,BR,1600816400
346,pedernales,18.04,-71.74,82.06,66,99,3.04,DO,1600816400
347,ferrol,43.48,-8.24,64.4,93,20,8.05,ES,1600816400
348,margate,51.38,1.39,64.99,88,14,1.99,GB,1600816400
349,axim,4.87,-2.24,75.45,88,96,11.56,GH,1600816401
350,pecos,31.42,-103.49,87.8,18,1,5.82,US,1600816401
351,shakiso,5.75,38.92,62.67,74,81,0.22,ET,1600816401
352,berlevag,70.86,29.09,44.28,87,75,8.77,NO,1600816401
353,botwood,49.15,-55.35,50.0,81,100,5.95,CA,1600816401
354,srednekolymsk,67.45,153.68,40.87,90,100,2.24,RU,1600816401
355,kukmor,56.19,50.89,53.33,83,99,15.59,RU,1600816402
356,merauke,-8.47,140.33,81.52,73,98,11.03,ID,1600816402
357,ararat,39.83,44.7,57.2,82,15,3.36,AM,1600816402
358,mahanje,-9.93,35.33,64.35,62,41,2.55,TZ,1600816402
359,bantry,51.68,-9.45,51.8,93,75,13.87,IE,1600816402
360,tuy hoa,13.08,109.3,76.91,86,60,5.14,VN,1600816403
361,kihei,20.79,-156.47,89.6,52,40,25.28,US,1600816403
362,barmer,25.75,71.38,86.81,54,6,10.27,IN,1600816403
363,santa ana,33.75,-117.87,88.0,54,1,8.05,US,1600816379
364,villa maria,-32.41,-63.24,63.0,29,16,5.01,AR,1600816403
365,kununurra,-15.77,128.73,80.6,74,0,8.37,AU,1600816403
366,nabire,-3.37,135.48,74.7,91,100,3.65,ID,1600816404
367,saint-francois,46.42,3.91,63.0,82,100,4.7,FR,1600816404
368,lowestoft,52.48,1.75,62.01,98,25,3.0,GB,1600816404
369,touros,-5.2,-35.46,77.0,83,20,6.93,BR,1600816404
370,kazanka,47.85,32.82,51.8,37,0,2.24,UA,1600816405
371,purulha,15.27,-90.2,62.15,100,66,2.48,GT,1600816405
372,marsaxlokk,35.84,14.54,78.01,94,20,3.36,MT,1600816405
373,tocopilla,-22.09,-70.2,63.03,59,15,6.62,CL,1600816406
374,sitka,57.05,-135.33,59.0,54,90,23.04,US,1600816146
375,finschhafen,-6.6,147.87,83.59,65,48,5.48,PG,1600816406
376,brae,60.4,-1.35,48.2,93,100,19.46,GB,1600816406
377,nazca,-14.83,-74.95,69.55,48,0,2.84,PE,1600816407
378,svetlogorsk,52.63,29.73,54.84,74,0,5.91,BY,1600816407
379,riberalta,-10.98,-66.1,86.0,48,39,9.17,BO,1600816408
380,oak ridge,36.01,-84.27,71.6,43,1,2.73,US,1600816408
381,betafo,-19.83,46.85,53.44,78,0,6.06,MG,1600816408
382,ust-nera,64.57,143.2,43.18,63,96,5.14,RU,1600816409
383,aniva,46.71,142.53,46.4,93,24,4.47,RU,1600816409
384,kiomboi,-4.27,34.37,64.94,55,78,12.1,TZ,1600816409
385,sarahan,31.52,77.8,56.84,62,23,3.91,IN,1600816207
386,jishu,44.32,126.8,53.6,95,78,3.87,CN,1600816410
387,dingle,11.0,122.67,78.71,85,63,1.81,PH,1600816410
388,port augusta,-32.5,137.77,53.6,81,12,12.75,AU,1600816410
389,akyab,20.15,92.9,80.33,87,100,5.99,MM,1600816410
390,meulaboh,4.14,96.13,76.6,88,89,3.94,ID,1600816410
391,snezhnogorsk,69.19,33.25,41.0,80,75,4.47,RU,1600816411
392,sovetskaya gavan,48.97,140.29,54.61,75,23,1.5,RU,1600816411
393,buraydah,26.33,43.98,80.6,24,0,4.7,SA,1600816411
394,velyka oleksandrivka,47.32,33.3,55.53,40,0,5.41,UA,1600816411
395,tautira,-17.73,-149.15,86.0,62,20,19.46,PF,1600816411
396,lasa,46.62,10.7,57.2,100,75,4.7,IT,1600816412
397,nhlangano,-27.12,31.2,46.47,92,0,2.86,SZ,1600816412
398,garmsar,35.22,52.34,71.17,35,0,7.65,IR,1600816412
399,sukumo,32.93,132.73,70.05,86,99,2.82,JP,1600816412
400,dembi dolo,8.53,34.8,58.24,97,87,3.91,ET,1600816412
401,jasper,37.2,-94.35,70.0,83,90,4.7,US,1600816283
402,iracoubo,5.48,-53.2,80.46,80,19,15.5,GF,1600816413
403,probolinggo,-7.75,113.22,79.14,77,99,10.18,ID,1600816413
404,puri,19.8,85.85,78.8,100,75,10.29,IN,1600816389
405,quelimane,-17.88,36.89,70.83,86,3,7.2,MZ,1600816413
406,wodonga,-36.12,146.88,50.0,93,75,10.29,AU,1600816413
407,shingu,33.73,135.98,68.86,89,100,18.72,JP,1600816413
408,port hardy,50.7,-127.42,59.0,77,90,12.75,CA,1600816413
409,xacmaz,41.46,48.81,62.46,81,1,0.31,AZ,1600816414
410,kazachka,53.36,38.07,52.27,87,0,8.68,RU,1600816414
411,vostok,46.49,135.88,47.55,92,95,2.62,RU,1600816414
412,russell,32.35,-85.2,73.4,56,90,6.93,US,1600816415
413,beloha,-25.17,45.05,62.46,68,77,12.12,MG,1600816415
414,husavik,66.04,-17.34,35.6,93,75,5.82,IS,1600816416
415,ginosa,40.58,16.76,78.01,93,40,5.82,IT,1600816416
416,clermont,49.5,2.42,59.0,82,75,1.12,FR,1600816416
417,bodden town,19.28,-81.25,87.8,70,20,6.93,KY,1600816417
418,byron bay,-28.65,153.62,73.4,53,88,5.82,AU,1600816385
419,north platte,41.12,-100.77,87.8,23,1,11.41,US,1600816207
420,ketchikan,55.34,-131.65,55.4,81,90,19.46,US,1600816417
421,chimore,-16.98,-65.13,76.12,43,0,1.86,BO,1600816417
422,alyangula,-13.85,136.42,75.2,88,0,3.36,AU,1600816417
423,takoradi,4.88,-1.76,74.91,90,81,10.29,GH,1600816418
424,aurora,39.73,-104.83,84.99,18,75,11.41,US,1600816418
425,grand gaube,-20.01,57.66,66.0,75,20,5.01,MU,1600816418
426,aberdeen,57.14,-2.1,57.2,76,90,11.41,GB,1600816208
427,maneadero,31.72,-116.57,86.0,16,10,5.99,MX,1600816418
428,walvis bay,-22.96,14.51,55.99,87,24,5.82,NA,1600816419
429,jiehu,35.54,118.45,63.99,88,82,4.23,CN,1600816419
430,san andres,12.58,-81.7,87.8,70,40,8.05,CO,1600816135
431,catio,11.28,-15.25,78.22,87,7,5.79,GW,1600816419
432,lagoa,39.05,-27.98,68.59,90,91,14.36,PT,1600816419
433,acapulco,16.86,-99.89,87.8,70,20,11.41,MX,1600816295
434,marevo,57.31,32.08,49.5,93,3,5.82,RU,1600816420
435,te anau,-45.42,167.72,55.15,75,34,6.02,NZ,1600816420
436,manicore,-5.81,-61.3,76.6,89,89,3.31,BR,1600816420
437,kodinsk,58.69,99.18,40.06,83,100,5.37,RU,1600816420
438,jurm,36.86,70.83,45.0,57,0,0.36,AF,1600816420
439,artyom,40.47,50.33,69.8,68,64,2.24,AZ,1600816421
440,lodja,-3.48,23.43,69.93,96,26,2.04,CD,1600816421
441,athabasca,54.72,-113.29,61.99,52,11,7.14,CA,1600816421
442,moose factory,51.26,-80.61,62.6,93,90,4.7,CA,1600816422
443,roebourne,-20.78,117.13,69.46,22,0,13.09,AU,1600816422
444,khoy,38.55,44.95,62.06,62,11,4.21,IR,1600816422
445,sibolga,1.74,98.78,76.93,83,99,2.35,ID,1600816423
446,abu samrah,35.3,37.18,66.38,88,0,7.18,SY,1600816423
447,talara,-4.58,-81.27,64.38,84,5,13.13,PE,1600816424
448,nurota,40.56,65.69,53.6,37,37,9.17,UZ,1600816424
449,salalah,17.02,54.09,80.6,88,75,3.36,OM,1600816424
450,aktash,50.3,87.73,33.37,91,76,3.51,RU,1600816425
451,bambanglipuro,-7.95,110.28,76.3,86,37,3.09,ID,1600816425
452,presidencia roque saenz pena,-26.79,-60.44,65.14,36,0,7.05,AR,1600816426
453,reyes,-14.32,-67.38,76.77,46,0,0.81,BO,1600816426
454,fortuna,40.6,-124.16,69.01,77,1,14.99,US,1600816426
455,fallon,39.47,-118.78,87.8,7,20,3.36,US,1600816427
456,gisborne,-38.65,178.0,61.92,57,54,12.1,NZ,1600816427
457,rio grande,-32.03,-52.1,53.65,72,14,12.95,BR,1600816160
458,sawai madhopur,25.98,76.37,79.81,82,89,2.08,IN,1600816427
459,saint-joseph,-21.37,55.62,66.2,55,21,5.82,RE,1600816427
460,hofn,64.25,-15.21,40.42,65,0,10.83,IS,1600816427
461,saint-denis,48.92,2.33,64.99,52,28,2.24,FR,1600816428
462,kosonsoy,41.26,71.55,53.6,71,0,4.7,UZ,1600816428
463,san patricio,19.22,-104.7,89.6,75,75,17.22,MX,1600816428
464,jiuquan,39.74,98.52,53.2,48,0,2.01,CN,1600816428
465,grindavik,63.84,-22.43,37.4,86,75,14.74,IS,1600816428
466,hammerfest,70.66,23.68,44.6,70,75,29.97,NO,1600816429
467,manokwari,-0.87,134.08,82.47,71,69,3.76,ID,1600816429
468,shirokiy,49.76,129.52,49.37,91,100,7.99,RU,1600816429
469,iberia,29.95,-91.75,77.0,100,90,13.87,US,1600816429
470,los llanos de aridane,28.66,-17.92,75.2,88,20,1.12,ES,1600816429
471,kozova,49.44,25.15,60.01,47,0,5.01,UA,1600816429
472,brandfort,-28.7,26.46,50.0,71,10,2.24,ZA,1600816430
473,hays,30.05,-98.03,73.99,90,89,4.0,US,1600816415
474,labytnangi,66.66,66.42,36.25,88,100,10.16,RU,1600816430
475,blagoyevo,63.37,47.92,44.15,77,86,12.68,RU,1600816430
476,agadir,30.42,-9.6,66.2,82,55,3.69,MA,1600816430
477,halden,59.12,11.39,57.2,93,87,14.99,NO,1600816430
478,havoysund,71.0,24.66,44.6,70,75,29.97,NO,1600816430
479,chiang mai,18.79,98.98,77.0,94,20,2.24,TH,1600816276
480,kempsey,-31.08,152.83,75.99,39,0,5.01,AU,1600816422
481,plouzane,48.38,-4.62,60.8,100,59,9.17,FR,1600816431
482,erzin,36.96,36.2,79.0,81,17,0.74,TR,1600816431
483,yatsushiro,32.5,130.6,69.8,77,75,7.83,JP,1600816431
484,tiznit,29.58,-9.5,75.88,38,54,2.33,MA,1600816432
485,manaus,-3.1,-60.02,82.4,83,75,3.36,BR,1600816432
486,valdivia,-39.81,-73.25,55.4,66,40,6.93,CL,1600816433
487,fort nelson,58.81,-122.7,57.2,44,75,5.82,CA,1600816433
488,bathsheba,13.22,-59.52,84.2,74,40,8.05,BB,1600816433
489,paslek,54.06,19.66,55.0,100,0,10.31,PL,1600816434
490,lahad datu,5.03,118.33,77.74,90,100,2.57,MY,1600816434
491,marrakesh,31.63,-8.01,77.0,44,40,3.36,MA,1600816427
492,langsa,4.47,97.97,75.0,94,99,3.22,ID,1600816434
493,trincomalee,8.57,81.23,81.27,76,64,17.58,LK,1600816435
494,port hedland,-20.32,118.57,68.0,22,0,6.93,AU,1600816435
495,samfya,-11.36,29.56,69.82,42,0,13.33,ZM,1600816435
496,hurghada,27.26,33.81,86.0,33,0,5.82,EG,1600816436
497,ribas do rio pardo,-20.44,-53.76,73.8,64,33,9.53,BR,1600816436
498,puerto cabezas,14.04,-83.39,87.8,74,40,9.17,NI,1600816436
499,sola,-13.88,167.55,79.09,81,13,19.8,VU,1600816436
500,hope,33.67,-93.59,64.0,79,100,3.0,US,1600816437
501,hamilton,39.18,-84.53,73.4,43,1,4.7,US,1600816347
502,sorland,67.67,12.69,46.22,66,100,9.46,NO,1600816437
503,oistins,13.07,-59.53,84.2,74,40,8.05,BB,1600816268
504,college,64.86,-147.8,54.0,53,75,2.21,US,1600816437
505,pinawa,50.15,-95.88,73.92,41,57,5.86,CA,1600816437
506,balabac,7.99,117.06,82.8,75,43,7.09,PH,1600816437
507,yenagoa,4.92,6.26,75.07,95,100,3.65,NG,1600816438
508,gravdal,68.12,13.5,45.16,64,100,4.05,NO,1600816438
509,obidos,-1.92,-55.52,84.7,59,28,2.89,BR,1600816438
510,borzna,51.25,32.43,54.52,51,0,7.96,UA,1600816439
511,winfield,37.24,-97.0,69.8,83,75,10.29,US,1600816256
512,taoudenni,22.68,-3.98,96.75,11,0,7.9,ML,1600816439
513,marawi,8.0,124.29,75.99,84,92,5.99,PH,1600816439
514,sao jose da coroa grande,-8.9,-35.15,74.52,83,4,8.52,BR,1600816439
515,ranong,9.97,98.63,78.53,85,100,1.19,TH,1600816139
516,pringsewu,-5.36,104.97,73.6,93,43,3.47,ID,1600816439
517,constantine,36.37,6.61,68.0,82,98,2.24,DZ,1600816440
518,den helder,52.96,4.76,57.99,93,0,6.93,NL,1600816168
519,araguaina,-7.19,-48.21,88.41,41,77,5.64,BR,1600816440
520,khingansk,49.12,131.18,46.08,90,100,6.64,RU,1600816440
521,urumita,10.56,-73.01,93.2,46,20,5.82,CO,1600816441
522,bati,11.18,40.02,71.01,37,65,7.29,ET,1600816441
523,santa maria,-29.68,-53.81,60.8,72,0,8.05,BR,1600816428
524,khipro,25.83,69.38,88.21,46,22,8.99,PK,1600816442
525,spirit river,55.78,-118.84,62.6,45,75,3.36,CA,1600816442
526,ruhengeri,-1.5,29.64,60.44,74,51,0.29,RW,1600816443
527,deputatskiy,69.3,139.9,38.57,83,79,4.76,RU,1600816443
528,perth,-31.93,115.83,55.0,76,0,11.41,AU,1600816203
529,yar-sale,66.83,70.83,36.95,89,44,13.13,RU,1600816443
530,namangan,41.0,71.67,53.6,71,0,4.7,UZ,1600816444
531,mehran,33.12,46.16,89.11,13,0,10.42,IR,1600816444
532,alihe,50.57,123.72,47.7,94,100,5.48,CN,1600816444
533,portland,45.52,-122.68,75.0,49,75,3.36,US,1600816290
534,tifton,31.45,-83.51,75.2,64,1,3.36,US,1600816445
535,vardo,70.37,31.11,42.8,81,75,19.46,NO,1600816445
536,zaton,53.29,83.81,46.4,87,75,6.71,RU,1600816445
537,boca do acre,-8.75,-67.4,83.35,60,79,1.74,BR,1600816445
538,tombouctou,20.0,-3.0,96.51,16,0,3.36,ML,1600816446
539,fareham,50.85,-1.18,62.01,92,22,9.24,GB,1600816446
540,mareeba,-17.0,145.43,82.0,73,75,4.7,AU,1600816447
541,concepcion del uruguay,-32.48,-58.24,54.95,70,81,5.86,AR,1600816447
542,krasnoselkup,65.7,82.47,40.12,89,86,14.5,RU,1600816447
543,toamasina,-18.17,49.38,68.0,94,75,4.7,MG,1600816447
544,manzanillo,20.34,-77.12,79.61,86,67,6.76,CU,1600816447
545,bonthe,7.53,-12.51,77.68,88,19,5.61,SL,1600816447
546,carinhanha,-14.3,-43.77,88.0,28,95,8.59,BR,1600816448
547,gat,31.61,34.76,78.01,74,2,3.33,IL,1600816448
548,marsh harbour,26.54,-77.06,79.56,70,11,19.37,BS,1600816448
549,richards bay,-28.78,32.04,60.42,74,0,10.36,ZA,1600816448
550,polis,35.04,32.43,71.6,83,20,5.82,CY,1600816448
551,mayo,38.89,-76.51,68.0,42,1,11.41,US,1600816449
552,victor harbor,-35.57,138.62,55.0,77,20,1.01,AU,1600816449
553,siavonga,-16.54,28.71,74.48,49,0,5.93,ZM,1600816449
554,dori,14.04,-0.03,87.33,44,48,9.46,BF,1600816449
555,turukhansk,65.82,87.98,45.43,80,100,10.87,RU,1600816450
556,quesnel,53.0,-122.5,60.8,72,1,4.7,CA,1600816450
557,nanga eboko,4.68,12.37,68.31,97,27,4.5,CM,1600816450
558,portlethen,57.05,-2.13,57.2,76,93,11.41,GB,1600816450
559,vila velha,-20.33,-40.29,73.99,100,75,9.17,BR,1600816450
560,naze,28.37,129.48,80.6,83,40,18.34,JP,1600816451
561,warrnambool,-38.38,142.48,51.01,91,98,4.0,AU,1600816451
